field,label,cip2,n,rho_PP,c_F,c_G,ADV,gap,beta_F,beta_G,se_F,se_G,incR2_F,incR2_G,r2,classification
accounting,Accounting,52,94,0.7535382725860637,0.5124679856551358,0.6129632372370927,-0.10049525158195682,0.48753201434486415,1359.7901476250463,6847.458570201146,2086.845820344654,2048.989156112088,0.08614572966324241,0.00327504521277866,0.29806703360935516,brand-dominant
aerospace_engineering,Aerospace Engineering,14,35,0.8450980392156864,0.5556411527037317,0.4650185598629668,0.0906225928407649,0.4443588472962683,4393.892001261636,15.406913150306536,2465.851385447016,2536.9324248236444,8.482597005921022e-07,0.07302647263491047,0.2640211351480918,neither
ag_engineering,Agricultural Engineering,14,14,0.8461538461538461,0.0945054945054945,0.4021978021978022,-0.3076923076923077,0.9054945054945055,,,,,,,,n/a
agronomy,Agronomy,01,11,0.8636363636363636,0.07272727272727274,0.16363636363636366,-0.09090909090909093,0.9272727272727272,,,,,,,,n/a
animal_sciences,Animal Sciences,01,35,0.7257703081232493,0.19607843137254907,0.20140056022408967,-0.005322128851540597,0.8039215686274509,932.1813694009179,-418.5531235078661,1254.5961622852076,1211.2820254290712,0.0036514312489944745,0.016882836980894655,0.02140616140654039,neither
anthropology,Anthropology,45,75,0.8678520625889046,0.4920910384068279,0.5491607396870555,-0.05706970128022759,0.5079089615931721,2403.233258528211,2586.767756158867,1610.415818227109,1654.1600172505757,0.022642811236883498,0.02061988802728698,0.3333421408874315,neither
architecture,Architecture,04,34,0.8105423987776927,0.22291825821237582,0.3634835752482811,-0.1405653170359053,0.7770817417876241,-345.40935986362365,2606.633739907107,1648.1177838727867,1676.8437718937653,0.06672485516456783,0.0012128428484818876,0.14399852482852216,neither
biochemistry,Biochemistry,26,47,0.8022664199814987,0.42160037002775214,0.47062904717853843,-0.04902867715078629,0.5783996299722478,-5.3925349886542335,4046.9060568101067,2194.6982436370295,2276.7948541137116,0.05534035398816706,1.0574985986888663e-07,0.22928082217089096,neither
biology,Biology,26,137,0.82441615173521,0.350164280247167,0.44145649373681556,-0.09129221348964855,0.649835719752833,-3334.8363017549636,6105.317847242612,1559.6648176389417,1603.1730803238336,0.09401735582665327,0.029637310415625673,0.131325450630838,both
biomedical_engineering,Biomedical Engineering,14,48,0.8214285714285714,0.6494789405123751,0.6735779418150238,-0.024099001302648748,0.3505210594876249,2363.062254283086,3150.973044172406,1512.5147293337393,1580.4231916107724,0.05217877080754818,0.03204072668635227,0.4093043534718275,brand-dominant
chemical_engineering,Chemical Engineering,14,91,0.8390508042681957,0.5481446090141742,0.4441630832935181,0.10398152572065605,0.45185539098582583,5481.284865740369,-770.9105015458274,1266.6820351782246,1281.3869719318452,0.0027128363998789595,0.14034786575734604,0.34043293570603983,field-dominant
chemistry,Chemistry,40,76,0.9083253588516746,0.3130553656869447,0.3864114832535886,-0.0733561175666439,0.6869446343130553,-1480.241985117309,4394.878478593876,2200.8397549794468,2275.5392745908684,0.0441855865069849,0.005358511226975948,0.13527420693857428,neither
civil_engineering,Civil Engineering,14,105,0.7849574953348538,0.5057640472734812,0.514254613311217,-0.008490566037735792,0.49423595272651877,1375.143387540332,2174.4455611758594,778.3844254328354,794.8165809085564,0.04970206129943766,0.02072616033728103,0.32265281405653456,brand-dominant
communication_disorders,Communication Disorders,51,17,0.8333333333333335,-0.20833333333333337,-0.08578431372549021,-0.12254901960784316,1.2083333333333335,-3018.760459387813,-907.1345811466491,5977.383118098667,6084.493498391952,0.001357648861833316,0.015578584586202315,0.14489211317538064,neither
computer_engineering,Computer Engineering,14,74,0.8529137356534615,0.6974750092558311,0.689270640503517,0.008204368752314006,0.30252499074416894,6815.571295655882,8599.75169381858,3814.4794588033624,3847.9124893400967,0.03552663773233744,0.022707359015144868,0.4950004328638614,brand-dominant
computer_science,Computer Science,11,161,0.851641936968024,0.7082183114791811,0.7528899240855762,-0.04467161260639507,0.29178168852081887,19039.817089848395,7876.548105153285,3860.5005316166485,3631.634328959815,0.014949412323003397,0.07730272384482217,0.4978730014361995,both
earth_sciences,Earth Sciences,40,50,0.8184873949579832,0.2848019207683073,0.4543097238895558,-0.16950780312124852,0.7151980792316928,273.2594153617574,3550.377878479286,2086.7259975792717,2082.4529180868144,0.051754688482712585,0.0003053306060363248,0.16314776272374965,neither
ecology,Ecology,26,11,0.6181818181818182,0.3545454545454546,0.44545454545454555,-0.09090909090909094,0.6454545454545454,,,,,,,,n/a
economics,Economics,45,116,0.9021104832199286,0.687447381880995,0.692060477691185,-0.004613095810189982,0.31255261811900503,12884.698075439985,870.1218697262757,4424.184262477448,4508.562161798371,0.00024001275841123437,0.054655310086038744,0.2718368000649989,field-dominant
electrical_engineering,Electrical Engineering,14,118,0.8450801441828362,0.5129127506002484,0.47891943020730393,0.033993320392944504,0.48708724939975157,10280.698573034191,4176.684839594971,4223.850929828035,4195.592813393851,0.006044528662518367,0.03613381212358313,0.29857129386914716,field-dominant
english,English,23,135,0.8848697688030436,0.4940200956004293,0.5547410008779632,-0.060720905277533876,0.5059799043995707,232.31855606866043,3324.4798240180758,1248.9077306716829,1208.020184795658,0.0434350265035196,0.00019844865571061465,0.2429666697667826,brand-dominant
environmental_engineering,Environmental Engineering,14,19,0.8175438596491227,0.18947368421052632,0.2719298245614035,-0.0824561403508772,0.8105263157894737,1377.1829745690775,1488.890172335478,2559.0690754959983,2652.3217421914082,0.01632259616546039,0.0150015313162013,0.17122564747289426,neither
environmental_sciences,Environmental Sciences,03,48,0.6680416847590099,0.22915762049500651,0.47047329570125923,-0.24131567520625272,0.7708423795049935,309.6383774832305,4587.767860812228,1715.6975869003343,1853.2507738668066,0.10056542441286609,0.0005344933263576879,0.26154044282579125,brand-dominant
finance,Finance,52,89,0.8198842356145727,0.5865338781069118,0.6989104528430373,-0.1123765747361255,0.4134661218930882,-790.1061180107225,13911.215999399881,3528.632590354127,3448.816202382334,0.12319088153693458,0.00037961769060945727,0.34884118132101916,brand-dominant
food_science,Food Science,01,16,0.7558823529411764,0.7617647058823529,0.7823529411764706,-0.020588235294117685,0.2382352941176471,-1001.1900506241454,7711.316802373722,2979.0337277856383,3139.499502601151,0.22739289235605575,0.004257188122223532,0.5100136471069232,brand-dominant
forestry,Forestry,03,17,0.31127450980392163,-0.14950980392156862,-0.31127450980392163,0.161764705882353,1.1495098039215685,1797.2932804506331,-1965.184879670387,1830.0895369169912,1764.1464426452596,0.0798947493470149,0.06209746942659433,0.09861834942844772,neither
geography,Geography,45,41,0.8578397212543555,0.23815331010452967,0.22839721254355402,0.009756097560975646,0.7618466898954703,898.7617229912142,1415.482258898113,1922.7113573266918,1786.8077899003933,0.014874890262335128,0.005179186343202802,0.09929166731453642,neither
history,History,54,131,0.9002722468371324,0.5865264506485881,0.6152458228794107,-0.02871937223082255,0.4134735493514119,2466.2313907683697,2682.610621950836,1861.4021603393626,1877.7299448221747,0.012266581066696869,0.010550225278604497,0.23071991863469354,neither
hper,Health/PE/Recreation,31,15,0.8857142857142855,0.5714285714285713,0.6178571428571428,-0.046428571428571486,0.4285714285714287,-1589.830808970437,5701.429048509307,2212.821968607795,2444.407471239345,0.22504204761920577,0.02135267531330942,0.5036081145071607,brand-dominant
human_dev,Human Dev & Family Sci,19,31,0.8213709677419356,0.5798387096774194,0.7641129032258065,-0.18427419354838714,0.42016129032258065,-1370.0630478401745,8257.983595605827,1876.0483912924385,1850.7437339344003,0.31458047745262196,0.00842692917930743,0.5575804167916496,brand-dominant
industrial_engineering,Industrial Engineering,14,39,0.7550607287449392,0.49352226720647774,0.4068825910931174,0.08663967611336032,0.5064777327935223,7297.905472761802,531.1219564122406,2420.9999043770767,2422.1901612045563,0.0007716350558851781,0.14582998576142003,0.42224673141857794,field-dominant
kinesiology,Kinesiology/Exercise Sci,31,70,0.8475723908669407,0.6188259994751115,0.6624267343189573,-0.043600734843845745,0.3811740005248885,1884.4148842115446,3342.576372177858,1505.7271443514069,1475.2637463415224,0.04554961893562892,0.013897027044704746,0.40552141721916646,brand-dominant
linguistics,Linguistics,16,26,0.8735042735042735,0.5022222222222221,0.5794871794871794,-0.0772649572649573,0.4977777777777779,1363.756176989872,3882.6622598083795,2480.3347786890195,2948.7700172345953,0.05430524238004719,0.009469284991475924,0.2795693720491894,neither
management,Management,52,90,0.8085524961929457,0.4751944684528954,0.5968391159402395,-0.1216446474873441,0.5248055315471045,-80.56567122358524,9217.623718956424,1984.2551268784973,2023.440913639155,0.1434417625073091,1.1395247268786157e-05,0.3986352482471801,brand-dominant
marketing,Marketing,52,81,0.8174345076784101,0.5184733514001807,0.69306684733514,-0.17459349593495932,0.4815266485998193,-2669.178974216716,9600.521019635005,1817.109183419423,1811.717597480078,0.21206263420824556,0.016294794787298783,0.41095272079076595,brand-dominant
materials_science,Materials Science,14,23,0.7411067193675891,0.5118577075098815,0.4822134387351779,0.029644268774703553,0.48814229249011853,2282.0065950724584,1904.31844285858,2388.4965360462547,2257.725699014172,0.028058429723987643,0.036000715073357226,0.21121877646010412,neither
mathematics,Mathematics,27,120,0.9015001041739008,0.6155705257309534,0.6120077783179387,0.0035627474130146553,0.3844294742690466,11110.824071258041,3462.9593268947874,4998.6165597192585,4979.350241591431,0.0029700027950646524,0.030338934312935217,0.28155539386679485,field-dominant
mechanical_engineering,Mechanical Engineering,14,133,0.8607339243631467,0.6180145530430754,0.5720778508650708,0.04593670217800461,0.3819854469569246,3441.1947308587437,1082.7757812960679,1079.6196245053748,1049.3942814892187,0.005477411792490172,0.05227002050945295,0.33116488722694604,field-dominant
microbiology,Microbiology,26,17,0.49754901960784315,0.06617647058823531,0.2132352941176471,-0.1470588235294118,0.9338235294117647,-1664.9115234704636,2395.672841064695,2277.403558115717,2299.295076144166,0.0719580580568634,0.0354255142160842,0.07201304804883979,neither
music,Music,50,76,0.7292686261107314,0.039234449760765545,0.09101845522898155,-0.05178400546821601,0.9607655502392345,1083.0709793132773,-1276.5768888933435,1496.302028367112,1533.5230583939049,0.009400693984483954,0.0071075821852413235,0.009693929391091372,neither
nursing,Nursing,51,99,0.6521706864564007,0.07291280148423006,0.08732220160791589,-0.014409400123685828,0.9270871985157699,-95.16906658871221,524.8061198532871,1367.7739817384834,1339.5219999702354,0.0015952838294112093,5.0315619727459016e-05,0.002274399262804927,neither
nutrition,Nutrition Sciences,30,30,0.6347052280311457,0.26807563959955505,0.44338153503893213,-0.17530589543937708,0.731924360400445,1992.8297712923104,1859.9061498406672,1460.0485668380015,1616.235190685288,0.03660096498733234,0.05149029647698755,0.2537516977346653,neither
pharmacy,Pharmacy,51,8,0.11904761904761905,0.4285714285714286,0.11904761904761905,0.30952380952380953,0.5714285714285714,,,,,,,,n/a
philosophy,Philosophy,38,41,0.9193379790940769,0.34320557491289205,0.37020905923344954,-0.02700348432055749,0.656794425087108,132.37683836339804,5344.116120896831,6122.807559393757,6023.581881188106,0.018458793512629135,1.0961852776492087e-05,0.1088623918496392,neither
physics,Physics,40,43,0.938840229537904,0.34521292660827546,0.39746300211416485,-0.05225007550588939,0.6547870733917245,3324.826705251635,3375.386345068523,5096.1610078677695,5511.111610004516,0.007629814020433834,0.00865759236395891,0.1864104199793002,neither
physiology,Physiology,26,16,0.8852941176470588,-0.34411764705882353,-0.19999999999999998,-0.14411764705882354,1.3441176470588236,-3669.4367677713963,1845.0358535797077,3070.1963185931095,3079.7188704428063,0.02382553395398146,0.09482474729092416,0.1370243872852288,neither
political_science,Political Science,45,139,0.8813977389516956,0.6569909289959336,0.649805621341436,0.007185307654497541,0.3430090710040664,5406.055672381867,919.4607646012695,1754.2116378669402,1758.855791430815,0.0013508719212742548,0.04694672371398245,0.3277247142930706,field-dominant
psychology,Psychology,42,173,0.8689085017915832,0.5712762653489764,0.6062434235228132,-0.03496715817383689,0.42872373465102365,-301.70034853770136,4386.596238133964,1022.2320601350361,1000.6224049817731,0.07567506471982688,0.0003429971819880473,0.3305982480282693,brand-dominant
public_health,Public Health,51,32,0.6832844574780058,0.5579178885630498,0.660923753665689,-0.1030058651026392,0.4420821114369502,2535.0506665873318,3595.1011397250413,1756.4355692481793,1644.2237022989384,0.10073625852744283,0.04389289649090766,0.38894064409855444,brand-dominant
social_work,Social Work,44,68,0.728938428064282,0.4483953162333071,0.29513202974995223,0.15326328648335485,0.5516046837666929,1698.3733218952075,688.4309866132508,945.8764942824013,939.2566422233789,0.006836857508389249,0.041030018349746844,0.1727864962892821,neither
sociology,Sociology,45,114,0.8898361718069705,0.5699884570988841,0.5816690629999393,-0.01168060590105513,0.4300115429011159,2363.8798691935335,1921.4899704552,1249.4056168139507,1276.8874519511915,0.013098864854851011,0.02070649311088102,0.35792518600258405,neither
spanish,Spanish Lang & Lit,16,30,0.8660734149054505,0.37619577308120133,0.23025583982202447,0.14593993325917687,0.6238042269187987,5053.7327447693515,-1847.5551879156747,3871.626854767788,3778.8566667288887,0.00799746637951726,0.05700539738737154,0.09667883526004639,neither
special_education,Special Education,13,19,0.7157894736842104,0.5491228070175439,0.3315789473684211,0.21754385964912282,0.4508771929824561,9178.30457939947,-5405.1543107373045,1919.7198939982316,1963.1212425934664,0.19447551233578864,0.586397587992871,0.589547450276265,brand-suppression
statistics,Statistics,27,28,0.9255610290093048,0.7536945812807883,0.7651888341543513,-0.011494252873563093,0.24630541871921174,23322.80029237423,-4681.401754703547,16846.016472741456,16881.794531543695,0.002123019962083861,0.05291836480742429,0.3097928092713935,neither
teacher_ed_subjects,Teacher Ed (subjects),13,36,0.7248391248391248,0.23217503217503221,0.48983268983268985,-0.25765765765765763,0.7678249678249678,-837.7847024152293,2291.6832213827747,1217.8386252439095,1232.5845583977268,0.09070343404783787,0.012417477134038957,0.134111553490609,neither
theatre,Theatre,50,46,0.8073388837496144,0.3762565525747764,0.395868023435091,-0.01961147086031456,0.6237434474252236,1125.5511061656998,-54.171792252744126,1552.9017381418635,1461.006008244317,3.082225745754119e-05,0.011777809490392088,0.03597012085353635,neither
urban_planning,Urban & Regional Planning,04,12,0.5944055944055945,0.1258741258741259,0.6923076923076924,-0.5664335664335665,0.8741258741258742,,,,,,,,n/a
