inst_key,institution,mean_resid,n_fields,mean_G_pct
jackson state university,Jackson State University,-1.1808703087785657,5,0.02966881107933812
university memphis,University of Memphis,-1.0636582658293134,22,0.30343663161507733
university north carolina greensboro,"University of North Carolina at Greensboro, The",-1.0589419936622866,25,0.5068658713683665
southern illinois university carbondale,Southern Illinois University Carbondale,-1.034176795462843,25,0.4782557210237675
university illinois chicago,University of Illinois at Chicago,-1.0313751550860624,29,0.7053543092355002
university southern mississippi,"University of Southern Mississippi, The",-1.0157825153033981,19,0.12903209430303436
university alabama birmingham,"University of Alabama at Birmingham, The",-0.9140171597856137,23,0.4602577061110588
university new orleans,"University of New Orleans, The",-0.8611809439958017,13,0.3524853329416253
university kentucky,University of Kentucky,-0.8490976395300237,30,0.5207906793552664
university wisconsin milwaukee,University of Wisconsin - Milwaukee,-0.8375336485290877,33,0.4780620918874218
georgia state university,Georgia State University,-0.8171573149591158,23,0.46727768935788505
iowa state university,Iowa State University,-0.8155561919601403,33,0.6229011606798803
cleveland state university,Cleveland State University,-0.7983119988294626,23,0.09540262872463692
university louisiana monroe,"University of Louisiana at Monroe, The",-0.7796932686802299,6,0.009525354120438935
university minnesota,"University of Minnesota, Twin Cities",-0.7463562729837331,44,0.8629903572712407
university missouri st louis,University of Missouri - St. Louis,-0.7438167954645122,14,0.22881528296022677
university toledo,"University of Toledo, The",-0.7316280840600375,20,0.23803773345111862
university iowa,"University of Iowa, The",-0.7171108456483614,33,0.8366770827011794
university texas san antonio,"University of Texas at San Antonio, The",-0.7116485392823093,25,0.12957357772909517
northern arizona university,Northern Arizona University,-0.6963678690092827,5,0.4069292923625782
university oregon,University of Oregon,-0.6860093983371108,22,0.7410385059957293
tennessee technological university,Tennessee Technological University,-0.6731323640243427,5,0.051908625646359806
university texas rio grande valley,University of Texas Rio Grande Valley,-0.6382080011666164,10,0.020543189294039064
university northern colorado,University of Northern Colorado,-0.6354114137210483,7,0.5886198620379358
university texas el paso,"University of Texas at El Paso, The",-0.6310714235928061,23,0.08779800533460284
university nebraska lincoln,University of Nebraska - Lincoln,-0.6233490499226926,27,0.5641241994273632
university idaho,University of Idaho,-0.6219573993781463,17,0.20562576067901073
university louisiana lafayette,University of Louisiana at Lafayette,-0.6209151904135394,18,0.035475457431035654
university south florida,University of South Florida,-0.6168579082791594,31,0.3732580742058429
university arizona,"University of Arizona, The",-0.6080599526049314,37,0.7505278938493811
illinois institute technology,Illinois Institute of Technology,-0.5987112464524993,10,0.5824860778877989
university kansas,"University of Kansas, The",-0.5768651381248872,20,0.6547581733538597
university wyoming,University of Wyoming,-0.5740644958785023,25,0.3980799233890489
middle tennessee state university,Middle Tennessee State University,-0.569668686508729,5,0.0775375179301109
university california riverside,"University of California, Riverside",-0.5681622478885147,24,0.6132150458436043
mississippi state university,Mississippi State University,-0.5515349049369743,25,0.13998537054390509
western michigan university,Western Michigan University,-0.5365420150032707,29,0.18825339832957105
montana state university,Montana State University,-0.5225945287735538,20,0.1624669273642016
florida state university,Florida State University,-0.5021689535015129,36,0.735627879129341
university vermont,"University of Vermont, The",-0.48960765914428145,25,0.39160740981947234
wichita state university,Wichita State University,-0.4596282459578304,6,0.2015374757662939
south dakota school mines technology,South Dakota School of Mines & Technology,-0.4374336249771025,4,0.01959753061583725
florida atlantic university,Florida Atlantic University,-0.42789632422993285,22,0.13040558375939793
central michigan university,Central Michigan University,-0.4104437794111058,3,0.23672358763917692
wayne state university,Wayne State University,-0.407992303913164,28,0.5984714239964235
clarkson university,Clarkson University,-0.40601166831123203,7,0.42360820047834197
university arkansas,University of Arkansas,-0.3827423298943193,30,0.38104285022740386
case western reserve university,Case Western Reserve University,-0.3777413590324156,15,0.7566068692448709
university louisville,University of Louisville,-0.3641876105223429,25,0.2309528161980757
university maine,"University of Maine, The",-0.3507463042348942,19,0.25261001835554
kansas state university,Kansas State University,-0.3500078916575435,25,0.43263826892279306
university texas arlington,University of Texas Arlington,-0.33134186015673944,29,0.3009742348263713
university north texas,University of North Texas,-0.3238635299601652,24,0.40364213928041953
missouri university science technology,Missouri University of Science and Technology,-0.3208535110950527,12,0.20342685386046358
florida international university,Florida International University,-0.309323650769455,26,0.15675068747828821
university alabama,"University of Alabama, The",-0.2929504419192457,25,0.4141888972112603
louisiana tech university,Louisiana Tech University,-0.2875101955789569,16,0.06488227958423105
indiana university pennsylvania,Indiana University of Pennsylvania,-0.2830624988597962,3,0.3753086419753086
university alabama in huntsville,"University of Alabama in Huntsville, The",-0.2816368276225014,8,0.24767581846088493
university alaska fairbanks,University of Alaska Fairbanks,-0.28035788865558803,4,0.18149330966334024
university rochester,University of Rochester,-0.2799421476875825,13,0.8908596218192117
indiana university bloomington,Indiana University - Bloomington,-0.2792151914654138,23,0.8514003495185286
university north carolina charlotte,University of North Carolina Charlotte,-0.2606095719770604,31,0.07591176701172166
university south dakota,"University of South Dakota, The",-0.24263305822486184,4,0.28287371649731674
university utah,"University of Utah, The",-0.24130410115500472,30,0.688229228188361
university central florida,University of Central Florida,-0.2315168887272204,23,0.2621193790911698
university wisconsin,University of Wisconsin - Madison,-0.22334565361254977,40,0.939257486598257
old dominion university,Old Dominion University,-0.20671937347881722,21,0.1611555780882715
ball state university,Ball State University,-0.20571415444995447,20,0.10491685609502241
university houston,University of Houston,-0.20400086386605967,27,0.566437244932417
michigan technological university,Michigan Technological University,-0.19957961477757138,12,0.21194769558611815
northern illinois university,Northern Illinois University,-0.18761519159118167,24,0.18080068196699725
texas woman s university,Texas Woman's University,-0.18279015786378602,8,0.5019031749850633
university california merced,"University of California, Merced",-0.17550011158767992,5,0.28393566254389246
university missouri kansas city,"University of Missouri - Kansas City, The",-0.1542804021727327,13,0.33008831770335423
clemson university,Clemson University,-0.09348381550823713,32,0.32984817874069694
west virginia university,West Virginia University,-0.08619989291527565,32,0.3560743013175288
university florida,University of Florida,-0.08577081815572046,46,0.6357108197887207
university texas tyler,"University of Texas at Tyler, The",-0.08337067271404472,15,0.01284550115286868
university illinois urbana champaign,University of Illinois at Urbana-Champaign,-0.08336774325813805,38,0.905753127103127
east carolina university,East Carolina University,-0.07630458779824553,26,0.04466448490119391
university texas dallas,"University of Texas at Dallas, The",-0.07399881522962128,13,0.5298085827843159
rensselaer polytechnic institute,Rensselaer Polytechnic Institute,-0.05156780336061307,13,0.7715740128779962
university miami,University of Miami,-0.047698833488453454,19,0.6254258004331009
university nevada reno,"University of Nevada, Reno",-0.030150562915544025,22,0.24128991300644334
michigan state university,Michigan State University,-0.02938721310016722,40,0.7533651666306481
university massachusetts amherst,University of Massachusetts Amherst,-0.012891619097363723,31,0.7912795077166466
temple university,Temple University,-0.012139426352107793,28,0.6251288081225341
university mississippi,"University of Mississippi, The",-0.009746275190585182,15,0.2873151173532135
university california santa cruz,"University of California, Santa Cruz",-0.004532639864799576,18,0.6731366513781448
university nevada las vegas,"University of Nevada, Las Vegas",0.006052481325842962,26,0.20283981739288873
university north carolina chapel hill,University of North Carolina at Chapel Hill,0.02879780346892661,20,0.8216467472663554
university georgia,University of Georgia,0.050194418356573775,25,0.6668906790299206
catholic university america,"Catholic University of America, The",0.09901020982273832,10,0.7147338910022999
boston university,Boston University,0.09962067817739632,20,0.7234203868194151
university colorado boulder,University of Colorado Boulder,0.10281578197900149,25,0.8055164378933872
oakland university,Oakland University,0.10462616963141652,9,0.12756044657438503
university north dakota,"University of North Dakota, The",0.12442888940180523,17,0.13069423843558578
clark university,Clark University,0.1286959513725955,5,0.7608103974170278
duquesne university,Duquesne University,0.1354490451636912,5,0.4105229769936978
utah state university,Utah State University,0.1408056701437066,27,0.27002342423071307
university rhode island,University of Rhode Island,0.15748396161713102,21,0.47797642084327174
university california irvine,"University of California, Irvine",0.1635738482733888,25,0.7679144937581807
university california san diego,"University of California, San Diego",0.16658365033658784,19,0.9197580892885778
auburn university,Auburn University,0.16736035011717856,29,0.3326618328520997
portland state university,Portland State University,0.17888410585483286,10,0.45220705471100936
oregon state university,Oregon State University,0.18214613942866736,25,0.49922369484897106
texas state university,Texas State University,0.18322147790294074,27,0.05363763227495048
washington state university,Washington State University,0.1967649037091679,26,0.564739490437087
university california davis,"University of California, Davis",0.20063818099352962,31,0.7725293092893442
brigham young university,Brigham Young University,0.21016346759040114,28,0.20630973540460817
university denver,University of Denver,0.21758977108116762,6,0.6838781155762182
texas tech university,Texas Tech University,0.22484209628623217,29,0.42749986370252224
university michigan,University of Michigan,0.22837836455822358,34,0.949697333041488
virginia commonwealth university,Virginia Commonwealth University,0.23153285714882302,23,0.4181953554597261
university california los angeles,"University of California, Los Angeles",0.23258687926557015,29,0.9743979380502357
south dakota state university,South Dakota State University,0.23481991733782698,15,0.0219702544278555
new york university,New York University,0.25266736438897897,22,0.9136850803541358
new jersey institute technology,New Jersey Institute of Technology,0.270099512920381,12,0.3299090306856833
brandeis university,Brandeis University,0.2947335914776707,11,0.9377447558413994
university texas austin,"University of Texas at Austin, The",0.3274995376062508,36,0.8782360616915998
university connecticut,University of Connecticut,0.3342732675514525,33,0.5948810216472121
barry university,Barry University,0.34144292979492247,3,0.1077709871827519
university southern california,University of Southern California,0.37772845283212425,24,0.7852990806391679
university maryland baltimore county,"University of Maryland, Baltimore County",0.39110028365229244,16,0.4358187692041732
university massachusetts boston,University of Massachusetts Boston,0.397954353812128,13,0.2366040255963178
syracuse university,Syracuse University,0.4022041230194219,26,0.7385773510064044
illinois state university,Illinois State University,0.40826670979221347,4,0.43171176165406366
morgan state university,Morgan State University,0.42265774166945824,4,0.040593920225643385
university california santa barbara,"University of California, Santa Barbara",0.4387013392372222,25,0.86589625840949
university maryland college park,"University of Maryland, College Park",0.47710746974006274,35,0.828769916727697
saint louis university,Saint Louis University,0.48035172847759056,16,0.3995755466385089
harvard university,Harvard University,0.5053372913155263,9,0.9976938118242467
university chicago,"University of Chicago, The",0.5278964946848601,10,0.9701378637893188
university massachusetts dartmouth,University of Massachusetts Dartmouth,0.542892225422513,3,0.193526934606328
stanford university,Stanford University,0.5502627798623132,4,0.9820153728482459
university delaware,University of Delaware,0.5510238816073139,27,0.5918584404369389
yale university,Yale University,0.5580035249889277,6,0.9656580894953324
princeton university,Princeton University,0.5785126492533376,7,0.9910301980515547
rutgers university camden,Rutgers University-Camden,0.5901529202031639,13,0.30988287804565673
virginia polytechnic institute state university,Virginia Polytechnic Institute and State University,0.6350883546054337,35,0.6033016050400671
northwestern university,Northwestern University,0.655678881156634,15,0.9200631833106249
university california berkeley,"University of California, Berkeley",0.6566237316948351,27,0.990914349449011
johns hopkins university,Johns Hopkins University,0.6644843781671945,10,0.8945604805067011
university colorado colorado springs,University of Colorado at Colorado Springs,0.6666198449496575,5,0.20859802591727492
florida institute technology,Florida Institute of Technology,0.6923599457296125,7,0.08427184647793654
cornell university,Cornell University,0.6964139742673325,21,0.9616700170418055
loyola university chicago,Loyola University Chicago,0.7222051178341677,17,0.5243071172233584
san diego state university,San Diego State University,0.7263436465493835,7,0.38512191820823627
drexel university,Drexel University,0.7585205442007955,23,0.530586088670107
university dayton,University of Dayton,0.7764900198254062,19,0.05697175951528499
washington university in st louis,Washington University in St. Louis,0.7858529302728721,9,0.8623099202596006
george mason university,George Mason University,0.80723187886922,24,0.324953952392924
howard university,Howard University,0.8106870084593288,11,0.33129333643463166
university pennsylvania,University of Pennsylvania,0.8183114098549601,14,0.9605466957423946
university massachusetts lowell,University of Massachusetts Lowell,0.8433311492447964,23,0.13805169005492618
massachusetts institute technology,Massachusetts Institute of Technology,0.8478911594287867,7,0.9991126885536824
brown university,Brown University,0.8671388193584788,8,0.8948148954746636
carnegie mellon university,Carnegie Mellon University,0.8722853365319895,11,0.9462713766373884
baylor university,Baylor University,0.8736235382379584,23,0.11283766196651263
university notre dame,University of Notre Dame,0.9738005984532173,19,0.7110854337939173
duke university,Duke University,1.0038997122874085,15,0.8647944419153032
southern methodist university,Southern Methodist University,1.0098106551169108,6,0.5740107665883262
worcester polytechnic institute,Worcester Polytechnic Institute,1.0563928539770244,8,0.32892510909955236
colorado school mines,Colorado School of Mines,1.071976219769159,5,0.4870149496523464
rice university,Rice University,1.0899236820770983,8,0.8339859430605172
tufts university,Tufts University,1.1563134643904143,11,0.6998820986244901
emory university,Emory University,1.1775687626132678,11,0.7182907105343171
university tulsa,"University of Tulsa, The",1.209875756615979,4,0.26803769239054487
marquette university,Marquette University,1.2352178153313782,17,0.2962821249554934
american university,American University,1.248888213381187,11,0.5039978868070725
lehigh university,Lehigh University,1.281769208750231,17,0.5804998942255408
boston college,Boston College,1.3518001811083715,16,0.713211296942332
george washington university,George Washington University,1.3687768739515933,20,0.5287103632698897
vanderbilt university,Vanderbilt University,1.387463326579224,14,0.5932939971873802
fordham university,Fordham University,1.395046317145948,16,0.5304746633032762
northeastern university,Northeastern University,1.4486116293399691,20,0.4290206595150612
stevens institute technology,Stevens Institute of Technology,1.45831388615381,9,0.5093920921391218
dartmouth college,Dartmouth College,1.5575245195902532,12,0.60936849818784
georgetown university,Georgetown University,1.5699521359378115,14,0.6777379347528588
wake forest university,Wake Forest University,1.7019096020112578,9,0.2805306884164174
