field,label,cip2,n,integration,gap,structure,top_decile_premium,rest_corr
food_science,Food Science,01,16,0.7617647058823529,0.2382352941176471,n/a,,
statistics,Statistics,27,28,0.7536945812807883,0.24630541871921174,GRADED,0.41571488617552893,0.6915384615384614
computer_science,Computer Science,11,161,0.7082183114791811,0.29178168852081887,GRADED,0.934459369006653,0.6133679735474727
computer_engineering,Computer Engineering,14,74,0.6974750092558311,0.30252499074416894,GRADED,0.32871557432993304,0.6373613217335783
economics,Economics,45,116,0.687447381880995,0.31255261811900503,GRADED,0.629805122661622,0.6142729877020492
political_science,Political Science,45,139,0.6569909289959336,0.3430090710040664,GRADED,0.2963360074051219,0.5878402457757295
biomedical_engineering,Biomedical Engineering,14,48,0.6494789405123751,0.3505210594876249,GRADED,0.0751372759893695,0.5652370884929024
kinesiology,Kinesiology/Exercise Sci,31,70,0.6188259994751115,0.3811740005248885,GRADED,0.190052518830765,0.5763248847926268
mechanical_engineering,Mechanical Engineering,14,133,0.6180145530430754,0.3819854469569246,GRADED,0.20765843343288787,0.501790061083868
mathematics,Mathematics,27,120,0.6155705257309534,0.3844294742690466,GRADED,0.4780630647073099,0.5147236750597807
finance,Finance,52,89,0.5865338781069118,0.4134661218930882,GRADED,0.36038477252517487,0.48834974214721055
history,History,54,131,0.5865264506485881,0.4134735493514119,GRADED,0.3236343571822696,0.4671881790525859
human_dev,Human Dev & Family Sci,19,31,0.5798387096774194,0.42016129032258065,GRADED,0.1603976930694992,0.48823207443897104
hper,Health/PE/Recreation,31,15,0.5714285714285713,0.4285714285714287,n/a,,
psychology,Psychology,42,173,0.5712762653489764,0.42872373465102365,GRADED,0.22232894779608361,0.4905185630067487
sociology,Sociology,45,114,0.5699884570988841,0.4300115429011159,GRADED,0.18528817673752956,0.5057659359486887
public_health,Public Health,51,32,0.5579178885630498,0.4420821114369502,GRADED,0.19900014864769713,0.6369458128078815
aerospace_engineering,Aerospace Engineering,14,35,0.5556411527037317,0.4443588472962683,GRADED,0.19334638973354637,0.4409718744055496
special_education,Special Education,13,19,0.5491228070175439,0.4508771929824561,n/a,,
chemical_engineering,Chemical Engineering,14,91,0.5481446090141742,0.45185539098582583,GRADED,0.12914063059285547,0.46787692776526163
marketing,Marketing,52,81,0.5184733514001807,0.4815266485998193,GRADED,0.27899818782940694,0.44511292114031853
electrical_engineering,Electrical Engineering,14,118,0.5129127506002484,0.48708724939975157,GRADED,0.22650952130720917,0.37010857243620426
accounting,Accounting,52,94,0.5124679856551358,0.48753201434486415,GRADED,0.16832487911957522,0.4634378710133043
materials_science,Materials Science,14,23,0.5118577075098815,0.48814229249011853,GRADED,0.08731888844849606,0.39610389610389607
civil_engineering,Civil Engineering,14,105,0.5057640472734812,0.49423595272651877,GRADED,0.09801121460463273,0.42011478163493843
linguistics,Linguistics,16,26,0.5022222222222221,0.4977777777777779,GRADED,0.28461118477497854,0.4011857707509882
english,English,23,135,0.4940200956004293,0.5059799043995707,GRADED,0.24453906327359146,0.37953529332068814
industrial_engineering,Industrial Engineering,14,39,0.49352226720647774,0.5064777327935223,GRADED,0.13036475749302082,0.43865546218487395
anthropology,Anthropology,45,75,0.4920910384068279,0.5079089615931721,GRADED,0.21071124593526985,0.44891850905898323
management,Management,52,90,0.4751944684528954,0.5248055315471045,GRADED,0.1998706338939198,0.4338075880758807
social_work,Social Work,44,68,0.4483953162333071,0.5516046837666929,GRADED,0.08669701664179742,0.3933685004111675
pharmacy,Pharmacy,51,8,0.4285714285714286,0.5714285714285714,n/a,,
biochemistry,Biochemistry,26,47,0.42160037002775214,0.5783996299722478,GRADED,0.1134124513033407,0.3481889636172109
theatre,Theatre,50,46,0.3762565525747764,0.6237434474252236,GRADED,0.19845980874548158,0.2942508710801394
spanish,Spanish Lang & Lit,16,30,0.37619577308120133,0.6238042269187987,GRADED,0.30906858146714195,0.25335775335775335
ecology,Ecology,26,11,0.3545454545454546,0.6454545454545454,n/a,,
biology,Biology,26,137,0.350164280247167,0.649835719752833,GRADED,0.12787212305152887,0.27706336820110666
physics,Physics,40,43,0.34521292660827546,0.6547870733917245,THRESHOLD,0.3699968759762574,0.18380566801619436
philosophy,Philosophy,38,41,0.34320557491289205,0.656794425087108,GRADED,0.06663255734629488,0.34305357989568513
chemistry,Chemistry,40,76,0.3130553656869447,0.6869446343130553,GRADED,0.08321597462086959,0.23869145321983432
earth_sciences,Earth Sciences,40,50,0.2848019207683073,0.7151980792316928,GRADED,0.09943105071425648,0.27391304347826084
nutrition,Nutrition Sciences,30,30,0.26807563959955505,0.731924360400445,THRESHOLD,0.062239369561648335,0.17216117216117213
geography,Geography,45,41,0.23815331010452967,0.7618466898954703,GRADED,0.10590410388167489,0.21005215742057845
teacher_ed_subjects,Teacher Ed (subjects),13,36,0.23217503217503221,0.7678249678249678,GRADED,0.04377942371629847,0.21847507331378296
environmental_sciences,Environmental Sciences,03,48,0.22915762049500651,0.7708423795049935,THRESHOLD,0.05777001621296479,0.16943521594684385
architecture,Architecture,04,34,0.22291825821237582,0.7770817417876241,THRESHOLD,0.08882521489971347,0.1346774193548387
animal_sciences,Animal Sciences,01,35,0.19607843137254907,0.8039215686274509,FLAT,0.01024839153038663,0.16774193548387098
environmental_engineering,Environmental Engineering,14,19,0.18947368421052632,0.8105263157894737,n/a,,
urban_planning,Urban & Regional Planning,04,12,0.1258741258741259,0.8741258741258742,n/a,,
ag_engineering,Agricultural Engineering,14,14,0.0945054945054945,0.9054945054945055,n/a,,
nursing,Nursing,51,99,0.07291280148423006,0.9270871985157699,FLAT,0.007450854234406057,0.04562478719782091
agronomy,Agronomy,01,11,0.07272727272727274,0.9272727272727272,n/a,,
microbiology,Microbiology,26,17,0.06617647058823531,0.9338235294117647,n/a,,
music,Music,50,76,0.039234449760765545,0.9607655502392345,FLAT,0.15425625467176712,-0.06897736382028476
forestry,Forestry,03,17,-0.14950980392156862,1.1495098039215685,n/a,,
communication_disorders,Communication Disorders,51,17,-0.20833333333333337,1.2083333333333335,n/a,,
physiology,Physiology,26,16,-0.34411764705882353,1.3441176470588236,n/a,,
