field,cohort,we,w,n_inst,earn_real2023,label
accounting,2001,1728008058,21622,157,79918.97410045324,Accounting
accounting,2004,2580588380,32575,186,79219.9042210284,Accounting
accounting,2007,3151837580,41423,213,76089.07080607393,Accounting
accounting,2010,4224049844,53051,249,79622.43584475316,Accounting
accounting,2013,4594601896,56499,260,81321.82686419229,Accounting
accounting,2016,4780727249,57416,265,83264.72148878362,Accounting
aerospace_engineering,2001,104059915,1041,11,99961.49375600384,Aerospace Engineering
aerospace_engineering,2004,225221066,2226,20,101177.47798742139,Aerospace Engineering
aerospace_engineering,2007,267704547,2711,21,98747.52748063445,Aerospace Engineering
aerospace_engineering,2010,314503313,3152,22,99778.9698604061,Aerospace Engineering
aerospace_engineering,2013,419775041,4067,25,103214.91049913941,Aerospace Engineering
aerospace_engineering,2016,441769817,4269,24,103483.20847973764,Aerospace Engineering
ag_engineering,2001,45699458,538,9,84943.23048327137,Agricultural Engineering
ag_engineering,2004,50327479,607,10,82911.82701812191,Agricultural Engineering
ag_engineering,2007,57137711,677,12,84398.39143279173,Agricultural Engineering
ag_engineering,2010,93456634,1102,13,84806.38294010889,Agricultural Engineering
ag_engineering,2013,130999800,1474,14,88873.67706919946,Agricultural Engineering
ag_engineering,2016,155397084,1760,15,88293.79772727273,Agricultural Engineering
agricultural_economics,2001,22576998,382,3,59102.089005235604,Agricultural Economics
agricultural_economics,2004,22921866,409,3,56043.682151589244,Agricultural Economics
agricultural_economics,2007,23627700,446,4,52976.90582959641,Agricultural Economics
agricultural_economics,2010,28403272,508,5,55911.95275590551,Agricultural Economics
agricultural_economics,2013,38656785,693,7,55781.79653679654,Agricultural Economics
agricultural_economics,2016,43661977,770,7,56703.86623376623,Agricultural Economics
agronomy,2001,95955436,1633,17,58760.21800367422,Agronomy
agronomy,2004,82655634,1468,17,56304.92779291553,Agronomy
agronomy,2007,99125098,1705,23,58137.887390029326,Agronomy
agronomy,2010,117042851,1983,29,59023.1220373172,Agronomy
agronomy,2013,144552580,2396,31,60330.79298831386,Agronomy
agronomy,2016,133176461,2184,26,60978.23305860806,Agronomy
animal_sciences,2001,173948300,3100,29,56112.354838709674,Animal Sciences
animal_sciences,2004,191589519,3439,32,55710.82262285548,Animal Sciences
animal_sciences,2007,255213427,4750,38,53729.14252631579,Animal Sciences
animal_sciences,2010,338289876,6084,44,55603.20118343195,Animal Sciences
animal_sciences,2013,416053573,7354,47,56575.139107968454,Animal Sciences
animal_sciences,2016,466478593,8191,48,56950.139543401296,Animal Sciences
anthropology,2001,127432574,2569,36,49603.96029583496,Anthropology
anthropology,2004,191677578,3963,57,48366.787282361845,Anthropology
anthropology,2007,227326986,4887,70,46516.674033149175,Anthropology
anthropology,2010,355021100,7242,100,49022.52140292737,Anthropology
anthropology,2013,407582821,8127,103,50151.6944752061,Anthropology
anthropology,2016,307043382,6153,91,49901.41101901511,Anthropology
architecture,2001,199333173,2893,26,68901.89180781196,Architecture
architecture,2004,244029496,3955,31,61701.51605562579,Architecture
architecture,2007,270368282,4467,30,60525.695545108574,Architecture
architecture,2010,335122389,4945,35,67769.94721941355,Architecture
architecture,2013,373912193,5358,37,69785.77696901829,Architecture
architecture,2016,306378240,4482,36,68357.48326639892,Architecture
astronomy,2004,2705426,41,1,65986.0,Astronomy
astronomy,2007,1867005,35,1,53343.0,Astronomy
astronomy,2013,7105626,96,2,74016.9375,Astronomy
astronomy,2016,13590002,200,4,67950.01,Astronomy
atmospheric_sciences,2001,15076962,250,5,60307.848,Atmospheric Sciences
atmospheric_sciences,2004,28042164,450,8,62315.92,Atmospheric Sciences
atmospheric_sciences,2007,28473518,449,7,63415.407572383076,Atmospheric Sciences
atmospheric_sciences,2010,35172541,561,11,62696.15151515151,Atmospheric Sciences
atmospheric_sciences,2013,47904955,757,15,63282.635402906206,Atmospheric Sciences
atmospheric_sciences,2016,35114390,561,11,62592.49554367201,Atmospheric Sciences
biochemistry,2001,81246061,1330,15,61087.26390977444,Biochemistry
biochemistry,2004,109465319,1685,22,64964.581008902074,Biochemistry
biochemistry,2007,170640760,2693,37,63364.559970293354,Biochemistry
biochemistry,2010,235954039,3584,43,65835.39034598214,Biochemistry
biochemistry,2013,356433226,5346,60,66672.88178077067,Biochemistry
biochemistry,2016,438130797,6612,68,66262.97595281307,Biochemistry
biology,2001,1209569562,20217,186,59829.32987090073,Biology
biology,2004,1912786130,31134,231,61437.211087557014,Biology
biology,2007,2516064702,42194,271,59630.86462530217,Biology
biology,2010,3237910266,52473,326,61706.215882453835,Biology
biology,2013,3967662627,63649,350,62336.60586969159,Biology
biology,2016,4272210700,69122,367,61806.81548566303,Biology
biomedical_engineering,2001,28745100,362,7,79406.35359116022,Biomedical Engineering
biomedical_engineering,2004,80547775,968,15,83210.51136363637,Biomedical Engineering
biomedical_engineering,2007,150102090,1798,21,83482.808676307,Biomedical Engineering
biomedical_engineering,2010,243712863,2703,31,90163.84128745837,Biomedical Engineering
biomedical_engineering,2013,441343821,4723,42,93445.65339826382,Biomedical Engineering
biomedical_engineering,2016,590641929,6401,48,92273.38369004843,Biomedical Engineering
biostatistics,2010,2351236,34,1,69154.0,Biostatistics
biostatistics,2013,5883670,61,2,96453.60655737705,Biostatistics
biostatistics,2016,11431274,167,3,68450.74251497006,Biostatistics
chemical_engineering,2001,370913853,3567,37,103984.82001682086,Chemical Engineering
chemical_engineering,2004,421852945,4009,42,105226.47667747569,Chemical Engineering
chemical_engineering,2007,474551989,4337,46,109419.41180539543,Chemical Engineering
chemical_engineering,2010,709045611,6625,58,107025.75260377358,Chemical Engineering
chemical_engineering,2013,983196984,9223,61,106602.73056489212,Chemical Engineering
chemical_engineering,2016,1198078790,11752,62,101946.79969366916,Chemical Engineering
chemistry,2001,146256953,2184,43,66967.46932234432,Chemistry
chemistry,2004,288800249,4337,74,66589.86603643071,Chemistry
chemistry,2007,389301202,5999,91,64894.34939156526,Chemistry
chemistry,2010,522962453,7844,114,66670.37901580826,Chemistry
chemistry,2013,677422069,9972,136,67932.41766947453,Chemistry
chemistry,2016,718781686,10779,148,66683.5222191298,Chemistry
civil_engineering,2001,496691971,5637,50,88112.82082668087,Civil Engineering
civil_engineering,2004,660468104,7812,64,84545.32821300563,Civil Engineering
civil_engineering,2007,845043909,10055,71,84042.15902536051,Civil Engineering
civil_engineering,2010,1133493664,12973,82,87373.2879056502,Civil Engineering
civil_engineering,2013,1325430638,14814,94,89471.48899689483,Civil Engineering
civil_engineering,2016,1379796942,15787,100,87400.83245708494,Civil Engineering
communication_disorders,2001,225834227,2354,31,95936.3751062022,Communication Disorders
communication_disorders,2004,296546227,3414,39,86861.8122437024,Communication Disorders
communication_disorders,2007,365519394,4736,53,77178.92609797297,Communication Disorders
communication_disorders,2010,507947678,6713,72,75666.27111574556,Communication Disorders
communication_disorders,2013,622532827,8421,92,73926.23524522028,Communication Disorders
communication_disorders,2016,725260357,9735,97,74500.29347714433,Communication Disorders
computer_engineering,2001,338641113,3255,22,104037.20829493088,Computer Engineering
computer_engineering,2004,460753077,4558,38,101086.67770952173,Computer Engineering
computer_engineering,2007,366483176,3564,40,102829.17396184063,Computer Engineering
computer_engineering,2010,459840533,4224,53,108863.76254734848,Computer Engineering
computer_engineering,2013,755746178,6391,65,118251.63166953529,Computer Engineering
computer_engineering,2016,1143402980,9344,75,122367.61344178082,Computer Engineering
computer_science,2001,2044091743,23859,194,85673.82300180226,Computer Science
computer_science,2004,2363373546,26887,247,87900.23230557519,Computer Science
computer_science,2007,1807358061,20006,220,90340.80080975707,Computer Science
computer_science,2010,2627130581,26850,264,97844.71437616387,Computer Science
computer_science,2013,4492250781,42616,335,105412.30479162755,Computer Science
computer_science,2016,6717161606,62427,373,107600.26280295385,Computer Science
earth_sciences,2001,47010742,756,18,62183.521164021164,Earth Sciences
earth_sciences,2004,67012241,1006,22,66612.56560636182,Earth Sciences
earth_sciences,2007,106011710,1425,31,74394.18245614035,Earth Sciences
earth_sciences,2010,210802247,3043,61,69274.48143279659,Earth Sciences
earth_sciences,2013,352654705,5384,89,65500.50241456166,Earth Sciences
earth_sciences,2016,403475824,6172,95,65371.9740764744,Earth Sciences
ecology,2001,52634107,1038,13,50707.23217726397,Ecology
ecology,2004,73583441,1455,14,50572.8116838488,Ecology
ecology,2007,61396258,1289,14,47630.921644685804,Ecology
ecology,2010,88402672,1845,21,47914.727371273715,Ecology
ecology,2013,128856454,2568,24,50177.7468847352,Ecology
ecology,2016,157120479,3144,28,49974.7070610687,Ecology
economics,2001,637907701,8303,62,76828.58015175238,Economics
economics,2004,1017092334,13342,85,76232.37400689552,Economics
economics,2007,1200591639,16216,109,74037.47157128762,Economics
economics,2010,1660996978,20594,133,80654.41283869089,Economics
economics,2013,2075801694,24125,150,86043.59353367875,Economics
economics,2016,2255090330,25988,149,86774.2931352932,Economics
education_admin,2001,4922280,88,1,55935.0,Education Administration
education_admin,2004,12012822,203,2,59176.463054187196,Education Administration
education_admin,2007,8993585,167,2,53853.80239520958,Education Administration
education_admin,2010,9742332,190,2,51275.43157894737,Education Administration
education_admin,2013,17441970,349,3,49976.99140401146,Education Administration
education_admin,2016,24794577,480,3,51655.36875,Education Administration
education_general,2001,96199958,1761,9,54628.02839295855,"Education, General"
education_general,2004,119755730,2211,10,54163.60470375396,"Education, General"
education_general,2007,103098737,2023,10,50963.290657439444,"Education, General"
education_general,2010,109247793,2010,13,54352.13582089552,"Education, General"
education_general,2013,115032731,2137,18,53829.07393542349,"Education, General"
education_general,2016,113639307,2169,18,52392.488243430154,"Education, General"
electrical_engineering,2001,787724513,7707,62,102208.96756195667,Electrical Engineering
electrical_engineering,2004,1117065395,11086,77,100763.61131156413,Electrical Engineering
electrical_engineering,2007,1111008822,11015,89,100863.26118928734,Electrical Engineering
electrical_engineering,2010,1134759662,10928,96,103839.64696193265,Electrical Engineering
electrical_engineering,2013,1582169835,14776,113,107077.0056172171,Electrical Engineering
electrical_engineering,2016,1836574558,17322,116,106025.54889735597,Electrical Engineering
english,2001,1120083971,20321,161,55119.53009202303,English
english,2004,1549298186,28672,194,54035.23249162947,English
english,2007,1643534706,32586,222,50436.83502117474,English
english,2010,2040591414,38647,268,52800.771444096565,English
english,2013,1976729964,36588,269,54026.72909150541,English
english,2016,1631824890,30820,262,52946.946463335495,English
environmental_engineering,2001,13819634,170,5,81291.96470588235,Environmental Engineering
environmental_engineering,2004,15149436,191,5,79316.41884816754,Environmental Engineering
environmental_engineering,2007,8606404,108,2,79688.92592592593,Environmental Engineering
environmental_engineering,2010,28828456,341,8,84540.926686217,Environmental Engineering
environmental_engineering,2013,103049775,1225,23,84122.26530612246,Environmental Engineering
environmental_engineering,2016,125132800,1514,24,82650.46235138706,Environmental Engineering
environmental_sciences,2001,242488044,3895,40,62256.23722721438,Environmental Sciences
environmental_sciences,2004,249462817,4225,56,59044.45372781065,Environmental Sciences
environmental_sciences,2007,275527880,4968,65,55460.52334943639,Environmental Sciences
environmental_sciences,2010,464864417,8093,85,57440.30853824293,Environmental Sciences
environmental_sciences,2013,721541156,12012,116,60068.36130536131,Environmental Sciences
environmental_sciences,2016,718486143,12246,114,58671.087947084765,Environmental Sciences
finance,2001,1627422976,20220,96,80485.80494559841,Finance
finance,2004,2236292936,28439,121,78634.72470902634,Finance
finance,2007,2642725504,34210,136,77250.0878105817,Finance
finance,2010,3044035647,36060,157,84415.85266222962,Finance
finance,2013,3104873222,34968,163,88791.84460077785,Finance
finance,2016,3999102925,43855,177,91189.21274655113,Finance
food_science,2001,9775165,136,3,71876.21323529411,Food Science
food_science,2004,21895516,312,7,70177.93589743589,Food Science
food_science,2007,44449435,608,10,73107.62335526316,Food Science
food_science,2010,71400354,998,14,71543.44088176353,Food Science
food_science,2013,105685781,1407,15,75114.27221037669,Food Science
food_science,2016,99291556,1359,15,73062.21927888153,Food Science
forestry,2001,79585753,1355,17,58734.87306273063,Forestry
forestry,2004,72593579,1248,15,58167.93189102564,Forestry
forestry,2007,73097736,1262,17,57922.13629160063,Forestry
forestry,2010,89517264,1486,20,60240.4199192463,Forestry
forestry,2013,96897281,1580,21,61327.39303797468,Forestry
forestry,2016,103302328,1621,21,63727.531153608885,Forestry
geography,2001,138179699,2340,43,59051.15341880342,Geography
geography,2004,196317914,3341,54,58760.22568093385,Geography
geography,2007,242746887,4356,70,55727.017217630855,Geography
geography,2010,267869609,4614,67,58055.83203294322,Geography
geography,2013,289581838,4682,71,61850.02947458351,Geography
geography,2016,276542396,4487,68,61631.91352796969,Geography
history,2001,757347854,13352,144,56721.67869982025,History
history,2004,1187962037,21261,185,55875.172240252105,History
history,2007,1407826887,26710,222,52707.85799326095,History
history,2010,1741496571,31295,254,55647.75750119828,History
history,2013,1588311383,28182,256,56359.07256404797,History
history,2016,1163766271,21038,221,55317.34342618119,History
hper,2001,198893860,3909,40,50881.007930416985,Health/PE/Recreation
hper,2004,245830349,4894,51,50230.96628524724,Health/PE/Recreation
hper,2007,257338408,5422,55,47461.89745481372,Health/PE/Recreation
hper,2010,296860280,5798,58,51200.462228354605,Health/PE/Recreation
hper,2013,384715452,7363,61,52249.8237131604,Health/PE/Recreation
hper,2016,385704168,7437,65,51862.87051230335,Health/PE/Recreation
human_dev,2001,287042072,5707,42,50296.49062554757,Human Dev & Family Sci
human_dev,2004,433139961,8779,54,49338.18897368721,Human Dev & Family Sci
human_dev,2007,417517518,8912,57,46848.91359964093,Human Dev & Family Sci
human_dev,2010,539724393,10905,67,49493.296011004124,Human Dev & Family Sci
human_dev,2013,682821320,13300,70,51339.94887218045,Human Dev & Family Sci
human_dev,2016,701860380,13496,79,52005.066686425605,Human Dev & Family Sci
industrial_engineering,2001,284855222,2917,26,97653.48714432637,Industrial Engineering
industrial_engineering,2004,365029126,3753,29,97263.2896349587,Industrial Engineering
industrial_engineering,2007,350709926,3550,32,98791.52845070422,Industrial Engineering
industrial_engineering,2010,441975829,4256,35,103847.70418233082,Industrial Engineering
industrial_engineering,2013,659433765,6235,43,105763.23416198877,Industrial Engineering
industrial_engineering,2016,771263653,7360,49,104791.25720108696,Industrial Engineering
kinesiology,2001,835302166,13905,94,60072.07234807623,Kinesiology/Exercise Sci
kinesiology,2004,1131756611,18916,119,59830.651882004655,Kinesiology/Exercise Sci
kinesiology,2007,1455550190,25301,147,57529.35417572428,Kinesiology/Exercise Sci
kinesiology,2010,1914957757,32020,182,59805.05174890693,Kinesiology/Exercise Sci
kinesiology,2013,2591886672,42966,201,60324.13238374529,Kinesiology/Exercise Sci
kinesiology,2016,2829598856,47627,218,59411.65422974363,Kinesiology/Exercise Sci
linguistics,2001,62688662,1073,15,58423.72972972973,Linguistics
linguistics,2004,100232412,1732,27,57870.90762124711,Linguistics
linguistics,2007,131832292,2454,34,53721.390383048085,Linguistics
linguistics,2010,173729123,3134,44,55433.67038927888,Linguistics
linguistics,2013,202067030,3459,49,58417.75946805435,Linguistics
linguistics,2016,191051022,3373,52,56641.27542247258,Linguistics
management,2001,3465060049,50675,217,68378.09667488899,Management
management,2004,4656715671,69290,263,67206.17218934912,Management
management,2007,5165053346,78945,298,65425.97182848819,Management
management,2010,6564297621,93932,341,69883.50744155346,Management
management,2013,7838844806,105425,362,74354.70529760493,Management
management,2016,8791844822,117056,355,75108.02369805904,Management
marketing,2001,1728481816,24976,115,69205.71012171685,Marketing
marketing,2004,2092067335,31571,131,66265.47575306451,Marketing
marketing,2007,2224130030,33927,155,65556.34244112359,Marketing
marketing,2010,2634718787,36829,174,71539.24317793043,Marketing
marketing,2013,2707921453,36285,186,74629.2256579854,Marketing
marketing,2016,3349728321,43932,193,76248.0269735045,Marketing
materials_science,2001,19897885,218,5,91274.70183486238,Materials Science
materials_science,2004,42058591,453,9,92844.57174392937,Materials Science
materials_science,2007,69356755,714,13,97138.31232492997,Materials Science
materials_science,2010,79389359,821,13,96698.36662606578,Materials Science
materials_science,2013,131535708,1348,17,97578.41839762611,Materials Science
materials_science,2016,165360337,1801,19,91815.8450860633,Materials Science
mathematics,2001,335432330,4799,77,69896.2971452386,Mathematics
mathematics,2004,580228138,8038,114,72185.63548146305,Mathematics
mathematics,2007,654201895,9540,134,68574.62211740042,Mathematics
mathematics,2010,927585844,12598,166,73629.61136688363,Mathematics
mathematics,2013,1284437750,16494,191,77873.0295865163,Mathematics
mathematics,2016,1398796697,17045,193,82064.92795541215,Mathematics
mechanical_engineering,2001,900884485,9173,58,98210.45295977325,Mechanical Engineering
mechanical_engineering,2004,1306534480,13436,75,97241.32777612384,Mechanical Engineering
mechanical_engineering,2007,1654091495,16922,87,97747.99048575819,Mechanical Engineering
mechanical_engineering,2010,2005912252,20429,102,98189.44892065201,Mechanical Engineering
mechanical_engineering,2013,2781966898,28310,113,98267.99357117627,Mechanical Engineering
mechanical_engineering,2016,3437918331,36324,122,94645.91815328709,Mechanical Engineering
microbiology,2001,91779318,1412,19,64999.51699716714,Microbiology
microbiology,2004,83926364,1329,20,63150.010534236266,Microbiology
microbiology,2007,99185910,1587,21,62498.99810964083,Microbiology
microbiology,2010,116055875,1790,28,64835.6843575419,Microbiology
microbiology,2013,160322447,2460,31,65171.72642276423,Microbiology
microbiology,2016,163132589,2504,31,65148.797523961664,Microbiology
music,2001,179112736,3356,53,53370.898688915375,Music
music,2004,235726379,4413,69,53416.35599365511,Music
music,2007,283747590,5679,89,49964.358161648175,Music
music,2010,353093977,6846,105,51576.68375693836,Music
music,2013,431582388,8138,118,53032.97960186778,Music
music,2016,415320173,8060,120,51528.557444168735,Music
neuroscience,2004,7812010,119,2,65647.14285714286,Neuroscience
neuroscience,2007,8773998,116,2,75637.91379310345,Neuroscience
neuroscience,2010,12197535,180,3,67764.08333333333,Neuroscience
neuroscience,2013,18065074,249,4,72550.49799196787,Neuroscience
neuroscience,2016,18375198,253,5,72629.24110671936,Neuroscience
nursing,2001,1984420926,23497,136,84454.22505000638,Nursing
nursing,2004,3310265578,39859,166,83049.38854461978,Nursing
nursing,2007,4534762372,56792,196,79848.61198760389,Nursing
nursing,2010,6784111625,81102,243,83649.12856649651,Nursing
nursing,2013,10732595984,122896,267,87330.71852623357,Nursing
nursing,2016,13121452526,145839,284,89972.17840221066,Nursing
nutrition,2001,80454867,1346,18,59773.303863298665,Nutrition Sciences
nutrition,2004,135748466,2228,23,60928.39587073609,Nutrition Sciences
nutrition,2007,216153826,3676,33,58801.36724700762,Nutrition Sciences
nutrition,2010,338862565,5600,49,60511.172321428574,Nutrition Sciences
nutrition,2013,466895177,7514,57,62136.70175672079,Nutrition Sciences
nutrition,2016,482301477,7726,57,62425.76714988351,Nutrition Sciences
pharmacy,2001,132530234,878,8,150945.59681093393,Pharmacy
pharmacy,2004,112176686,860,4,130438.00697674419,Pharmacy
pharmacy,2007,144093641,1104,5,130519.60235507246,Pharmacy
pharmacy,2010,197542494,1507,8,131083.27405441273,Pharmacy
pharmacy,2013,231356332,1751,9,132128.11650485438,Pharmacy
pharmacy,2016,227456012,1899,11,119776.7309110058,Pharmacy
philosophy,2001,38088250,661,12,57622.16338880484,Philosophy
philosophy,2004,109490134,1861,36,58834.03224073079,Philosophy
philosophy,2007,137769263,2515,43,54779.0310139165,Philosophy
philosophy,2010,189119396,3265,57,57923.245329249614,Philosophy
philosophy,2013,176121086,2937,56,59966.3214164113,Philosophy
philosophy,2016,148223061,2428,49,61047.3892092257,Philosophy
physics,2001,22330479,271,6,82400.29151291512,Physics
physics,2004,55765408,737,17,75665.41112618725,Physics
physics,2007,92223895,1194,26,77239.44304857621,Physics
physics,2010,126147140,1613,35,78206.53440793553,Physics
physics,2013,232323668,2805,52,82824.83707664884,Physics
physics,2016,293423801,3672,68,79908.44253812636,Physics
physiology,2001,14663595,214,3,68521.47196261682,Physiology
physiology,2004,51362871,776,5,66189.26675257731,Physiology
physiology,2007,105342131,1636,7,64390.05562347188,Physiology
physiology,2010,179903616,2738,14,65706.21475529583,Physiology
physiology,2013,299654816,4477,18,66932.05628769266,Physiology
physiology,2016,363585095,5511,23,65974.43204500091,Physiology
political_science,2001,925833568,14735,132,62832.274720054294,Political Science
political_science,2004,1548173910,24808,178,62406.236294743634,Political Science
political_science,2007,1730162518,29211,198,59229.82842080038,Political Science
political_science,2010,2064560951,32940,224,62676.41017000607,Political Science
political_science,2013,2096126993,31333,232,66898.38167427313,Political Science
political_science,2016,1918726907,28782,223,66664.12712806615,Political Science
psychology,2001,2191764694,40989,222,53472.02161555539,Psychology
psychology,2004,3178350432,59923,271,53040.575939121874,Psychology
psychology,2007,3602098455,71737,310,50212.56053361585,Psychology
psychology,2010,4752808037,89869,362,52885.956636882576,Psychology
psychology,2013,5907343322,108630,407,54380.40432661327,Psychology
psychology,2016,5870536132,108390,408,54161.23380385644,Psychology
public_health,2001,77111767,1224,21,62999.80964052288,Public Health
public_health,2004,113184688,1882,25,60140.64187035069,Public Health
public_health,2007,162125755,2926,30,55408.66541353383,Public Health
public_health,2010,352666930,6053,55,58263.16372046919,Public Health
public_health,2013,651210736,10657,71,61106.38416064558,Public Health
public_health,2016,954789304,15394,89,62023.47044302975,Public Health
religious_studies,2001,29421039,612,11,48073.5931372549,Religious Studies
religious_studies,2004,55191453,1096,18,50357.165145985404,Religious Studies
religious_studies,2007,70738387,1399,14,50563.536097212294,Religious Studies
religious_studies,2010,106997833,2093,19,51121.75489727664,Religious Studies
religious_studies,2013,114385573,2110,14,54211.172037914694,Religious Studies
religious_studies,2016,92582278,1688,10,54847.32109004739,Religious Studies
social_work,2001,393761483,7649,94,51478.81853837103,Social Work
social_work,2004,503998193,9809,109,51381.20022428382,Social Work
social_work,2007,622882817,12714,135,48991.884300770806,Social Work
social_work,2010,788085815,15202,155,51840.92981186686,Social Work
social_work,2013,1132767413,21133,175,53601.82714238395,Social Work
social_work,2016,1254352342,23263,180,53920.489274814085,Social Work
sociology,2001,883294229,16557,160,53348.68810774899,Sociology
sociology,2004,1166559306,21934,183,53184.977933801405,Sociology
sociology,2007,1224428909,24317,200,50352.79471151869,Sociology
sociology,2010,1519039556,28386,224,53513.68829704784,Sociology
sociology,2013,1613423540,29285,233,55093.85487450913,Sociology
sociology,2016,1397049608,25388,212,55027.95052780841,Sociology
spanish,2001,316772941,5327,64,59465.54176834992,Spanish Lang & Lit
spanish,2004,506537401,8621,89,58756.22329196149,Spanish Lang & Lit
spanish,2007,637439165,11286,108,56480.52144249513,Spanish Lang & Lit
spanish,2010,703755707,12070,124,58306.18947804474,Spanish Lang & Lit
spanish,2013,705676922,11755,127,60032.06482347937,Spanish Lang & Lit
spanish,2016,517200732,8574,108,60321.988803358996,Spanish Lang & Lit
special_education,2001,268077643,4586,57,58455.65699956389,Special Education
special_education,2004,346946745,5959,58,58222.309951334115,Special Education
special_education,2007,385629555,7058,74,54637.22796826297,Special Education
special_education,2010,513715787,9241,92,55590.93031057245,Special Education
special_education,2013,616803896,10785,98,57190.9036624942,Special Education
special_education,2016,577242926,10200,93,56592.44372549019,Special Education
statistics,2001,5673508,76,2,74651.42105263157,Statistics
statistics,2004,16297950,181,4,90043.9226519337,Statistics
statistics,2007,24405082,289,7,84446.65051903114,Statistics
statistics,2010,52720803,612,10,86145.10294117648,Statistics
statistics,2013,115896267,1142,15,101485.3476357268,Statistics
statistics,2016,187675067,1832,22,102442.72216157205,Statistics
teacher_ed_subjects,2001,2986330103,52577,269,56799.17269908896,Teacher Ed (subjects)
teacher_ed_subjects,2004,4160785736,74551,320,55811.266596021516,Teacher Ed (subjects)
teacher_ed_subjects,2007,4253878877,82061,369,51838.009249217044,Teacher Ed (subjects)
teacher_ed_subjects,2010,4997847342,92849,426,53827.69164988314,Teacher Ed (subjects)
teacher_ed_subjects,2013,4805592523,86406,445,55616.42157951994,Teacher Ed (subjects)
teacher_ed_subjects,2016,4115640746,74694,415,55100.01802018904,Teacher Ed (subjects)
theatre,2001,138380897,2991,53,46265.76295553327,Theatre
theatre,2004,183669740,4075,65,45072.32883435583,Theatre
theatre,2007,224441151,5225,87,42955.24421052632,Theatre
theatre,2010,280699200,6315,104,44449.59619952494,Theatre
theatre,2013,313727444,7035,117,44595.23013503909,Theatre
theatre,2016,328846168,7305,110,45016.58699520876,Theatre
theology,2007,5049787,97,2,52059.65979381443,Theological Studies
theology,2010,2013044,44,1,45751.0,Theological Studies
theology,2013,2094160,40,1,52354.0,Theological Studies
theology,2016,1536690,30,1,51223.0,Theological Studies
urban_planning,2001,32413546,487,8,66557.58932238193,Urban & Regional Planning
urban_planning,2004,64028106,989,13,64740.24873609707,Urban & Regional Planning
urban_planning,2007,81698639,1330,19,61427.54812030075,Urban & Regional Planning
urban_planning,2010,118878271,1858,24,63981.84660925726,Urban & Regional Planning
urban_planning,2013,109110738,1618,23,67435.56118665019,Urban & Regional Planning
urban_planning,2016,102535098,1492,21,68723.25603217159,Urban & Regional Planning
